"Keyword","Impressions","Clicks","CTR","Avg. Position"
"moving companies miami","2589","77","2.97%","6.11472054847432"
"local moving companies miami","1394","42","3.01%","6.00789296987087"
"movers miami","1085","46","4.24%","7.25806258064516"
"local movers miami","782","33","4.22%","6.92583721227621"
"moving companies miami florida","709","27","3.81%","6.15796755994358"
"moving company in miami fl","614","16","2.61%","7.28175537459283"
"miami moving companies","396","0","0%","5.58080934343434"
"miami moving services","330","8","2.42%","7.17272454545455"
"medley movers","274","7","2.55%","4.9707996350365"
"moving companies in miami dade county","255","2","0.78%","3.99215725490196"
"rapid movers miami","213","18","8.45%","4.33802676056338"
"last minute moving","182","0","0%","5.81319065934066"
". (site:rapidpandamovers.com)","175","0","0%","4"
"miami movers","120","0","0%","6.65000416666667"
"moving companies in miami","119","1","0.84%","4.52100756302521"
"mover near me","118","0","0%","9.26270084745763"
"movers miami fl","118","9","7.63%","5.49152203389831"
"moving companies in miami florida","101","1","0.99%","5.99009900990099"
"miami moving company","91","0","0%","6.52747362637363"
"moving companies miami fl","87","1","1.15%","7.20689195402299"
"moving companies coral gables","69","0","0%","7.33333333333333"
"moving company miami","69","0","0%","7.69564927536232"
"medley fl moving companies","62","0","0%","4.90322580645161"
"rapid panda","58","1","1.72%","12.0345120689655"
"moving companies coral gables florida","55","0","0%","7.56363636363636"
"local moving company miami fl","47","0","0%","6.25531914893617"
"moving company miami florida","40","0","0%","6.799995"
"moving companies in miami fl","33","0","0%","6.81818181818182"
"miami fl moving company","29","0","0%","8.72413793103448"
"moving service miami","27","0","0%","6"
"house movers miami","27","0","0%","7.92592592592593"
"residential movers near me","26","1","3.85%","5.65384615384615"
"moving quotes miami","24","0","0%","7.75"
"local movers piedmont","24","0","0%","35"
"moving company miami fl","23","0","0%","8.04347826086956"
"moving companies miami beach","23","0","0%","6.78260869565217"
"moving company in miami","23","1","4.35%","8.65217391304348"
"moving-companies-miami-fl.moversanytimeds.com","21","0","0%","7.42857142857143"
"local moving packing","21","0","0%","3.47619047619048"
"miami-moving-companies.moversfastrq.com","20","0","0%","6.25"
"site:www.rapidpandamovers.com","20","0","0%","5.5"
"home movers miami","19","0","0%","6.84210526315789"
"residential movers","19","0","0%","13.9473736842105"
"moving-companies-in-miami-dade-county.moversnearmerq.com","18","0","0%","7.27777777777778"
"moving-companies-in-miami.moversfastrq.com","18","0","0%","6.55555555555556"
"moving companies doral","18","0","0%","5.44444444444444"
"miami-moving-company.moversanytimeds.com","17","0","0%","2.41176470588235"
"moving-company-miami.moversfastrq.com","17","0","0%","6.05882352941176"
"apartment relocation services","17","1","5.88%","4.41176470588235"
"moving s ervices miami fl","16","0","0%","6.8125"
"miami apartment movers","15","0","0%","5.86666666666667"
"moving-companies-coral-gables-florida.moversquotesrh.com","15","0","0%","7.2"
"art moves miami","15","0","0%","7.2"
"beach moving companies","15","2","13.33%","6.39999333333333"
"miami packing services","15","0","0%","4.2"
"local movers miami fl","15","0","0%","8.06666666666667"
"miami beach movers","13","4","30.77%","6.6923"
"professional movers miami","13","0","0%","7.46153846153846"
"how much does a cross country move cost","13","0","0%","18.6923076923077"
"commercial movers miami","13","0","0%","3.53846153846154"
"rapid movers","13","0","0%","4.6923"
"miami local moves","13","0","0%","4.30769230769231"
"college movers miami","12","0","0%","7.41666666666667"
"moving","12","0","0%","7"
"how much do movers cost cross country","12","0","0%","16.3333333333333"
"moving-company-miami-florida.moversanytimeds.com","12","0","0%","7.66666666666667"
"apartment movers miami","11","0","0%","3.36362727272727"
"miami local movers","11","1","9.09%","5.90909090909091"
"moving-company-miami-fl.moversanytimeds.com","11","0","0%","5.54545454545455"
"miami commercial movers","11","0","0%","4.54545454545455"
"how much does it cost to move cross country","10","0","0%","18.4"
"moving company piedmont","10","0","0%","31.7"
"which miami street has unique retail offerings?","9","0","0%","5.11111111111111"
"move solutions","9","2","22.22%","5.22222222222222"
"movers north miami beach","9","0","0%","8.66666666666667"
"moving companies","9","0","0%","6.33333333333333"
"movers in miami beach","8","0","0%","5.75"
"rapid panda llc","8","1","12.5%","1.5"
"rapid panda movers","8","1","12.5%","4.125"
"moving-companies-miami.moversquickvg.com","8","0","0%","7.25"
"miami moving","8","0","0%","3.5"
"movers in miami fl","7","0","0%","8.57142857142857"
"site:https://rapidpandamovers.com","7","0","0%","4"
"moving company","7","0","0%","7.28571428571429"
"panda movers","7","1","14.29%","6.14285714285714"
"miami beach moving companies","7","2","28.57%","4.28571428571429"
"elevator reserved","7","0","0%","7"
"cross country moving estimates","7","0","0%","21"
"cost of cross country move","7","0","0%","20.5714285714286"
"professional moving services in miami","7","0","0%","13.7142857142857"
"miami home movers","6","0","0%","4"
"local movers florida","6","0","0%","2"
"reliable movers sunrise fl","6","0","0%","7.5"
"moving companys","6","0","0%","6.16666666666667"
"elevator reservation","6","0","0%","6.33333333333333"
"moving company cost cross country","6","0","0%","21.5"
"local-moving-companies-miami.moversquickvg.com","6","0","0%","7.5"
"miami florida moving company","6","0","0%","3.66666666666667"
"after hours movers","6","0","0%","5.16666666666667"
"leaving furniture in an apartment","6","0","0%","3.5"
"residential moving florida","5","0","0%","3.2"
"moving-companies-miami-florida.moversanytimeds.com","5","0","0%","6.6"
"private moving companies","5","0","0%","3.4"
"panda moving company","5","0","0%","6"
"miami packing and unpacking","5","0","0%","4"
"packing moving company","5","0","0%","5.60002"
"residential moving services florida","5","0","0%","3.8"
"cross country moving estimate","5","0","0%","20.6"
"rapid mover","5","0","0%","22.8"
"residential moving services miami","5","0","0%","5.6"
"how much is a cross country move","5","0","0%","19"
"movers miami florida","5","0","0%","3.6"
"rapid panda movers llc","5","0","0%","4"
"local mover florida","5","0","0%","4.6"
"cross country move cost","5","0","0%","21.8"
"moving companies north miami","5","0","0%","4.8"
"rapid panda movers 33155","4","0","0%","1.75"
"rapippanda","4","0","0%","9.5"
"packing moving companies","4","0","0%","8.25"
"moving companies hiring movers near me","4","0","0%","4.75"
"relocation companies miami","4","1","25%","5.75"
"moving company in miami florida","4","0","0%","1.75"
"movers","4","0","0%","9"
"pznda moving llc","4","0","0%","6"
"local moving companies near me","4","0","0%","9.5"
"rapid_mover + paypal -site:facebook.com -site:instagram.com -site:youtube.com -site:tiktok.com -site:paypal.com -site:linkedin.com -site:reddit.com -site:soundcloud.com -site:stripe.com -site:adyen.com -site:squareup.com","4","0","0%","38.5"
"moving house company","4","0","0%","5.5"
"cross country moving costs","4","0","0%","19.5"
"how-much-do-movers-cost-cross-country.moversnermepd.com","4","0","0%","9.75"
"pandatopmove","4","0","0%","7.25"
"moving companies piedmont","4","0","0%","25.75"
"short distance moving companies near me","4","0","0%","4"
"pandarapid","4","0","0%","15.25"
"@rapidmovingcompany.com","4","0","0%","3.25"
"moving service","4","0","0%","4"
"estimate cross country moving expenses","4","0","0%","12.25"
"movers piedmont","3","0","0%","43"
"movers coral gables","3","0","0%","7"
"moving companies in miami dade","3","0","0%","6.33333333333333"
"moving companies miami prices","3","0","0%","4.66666666666667"
"coralgablesmovingservices","3","0","0%","5"
"rapid movers 33180","3","0","0%","9"
"rapid moving company- florida","3","0","0%","7.3333"
"moving team","3","0","0%","3.33333333333333"
"movers miami beach","3","0","0%","6.33333333333333"
"panda mover","3","0","0%","4.33333333333333"
"how to pack electronics for moving","3","0","0%","9.33333333333333"
"what is worth moving cross country","3","0","0%","21.6666666666667"
"beach moving","3","0","0%","7.66666666666667"
"eco-friendly movers","3","0","0%","3.66666666666667"
"rapid moving","3","0","0%","4.66666666666667"
"coral gables moving company","3","0","0%","6.66666666666667"
"leaving furniture in apartment","3","0","0%","3.66666666666667"
"affordable cross country moving cost","3","0","0%","35"
"the rapid movers miami","3","0","0%","8.3333"
"local moving companies","3","0","0%","6.66666666666667"
"moving and packing services","3","0","0%","5.66666666666667"
"movers in miami","3","0","0%","4.33333333333333"
"rapid_mover","3","0","0%","29.3333"
"rapid task moving company miami","3","0","0%","2"
"rapidpak-com-au rapidpandamovers","3","0","0%","3"
"beach moving company","3","1","33.33%","4.6667"
"moving packing services","3","0","0%","4.33333333333333"
"local-moving-miami-a-comprehensive-guide-for-local-moves","3","0","0%","11.6667"
"residential mover","3","0","0%","4"
"hassle free movers","3","0","0%","8"
"partial-moving-companies.moversfastrq.com","3","0","0%","3.33333333333333"
"cost of cross country movers","3","0","0%","21.6666666666667"
"rapid_mover + squareup -site:facebook.com -site:instagram.com -site:youtube.com -site:tiktok.com -site:paypal.com -site:linkedin.com -site:reddit.com -site:soundcloud.com -site:stripe.com -site:adyen.com -site:squareup.com","3","0","0%","24.3333"
"fine arts and antiques movers florida","3","0","0%","3"
"moving-transportation-services.moversfastrq.com","3","0","0%","5.33333333333333"
"local and long distance movers miami","3","0","0%","5.66666666666667"
"small movers miami beds","2","1","50%","5"
"move services","2","0","0%","6.5"
"moving a heavy gun safe up stairs","2","0","0%","8.5"
"cute panda packing","2","0","0%","9"
"moving company news miami","2","0","0%","7.5"
"commercial movers florida","2","0","0%","6.5"
"domestic movers","2","0","0%","7.5"
"www the panda movers","2","0","0%","2"
"moving compnies florida based","2","1","50%","6"
"comfort apartment movers","2","0","0%","5.5"
"movers and packers","2","0","0%","10"
"how to move a guge gun safe up stairs","2","0","0%","9"
"residential-moving-companies.moversfastrq.com","2","0","0%","6.5"
"pack and move services","2","0","0%","7.5"
"moving and packing solutions","2","0","0%","4"
"moving company in coral gables florida","2","0","0%","3"
"miami moving guide about the city tips on finding movers","2","0","0%","6.5"
"moving companies easy vanilla mha","2","0","0%","4"
"short distance movers near me","2","0","0%","4.5"
"commercial moving florida","2","0","0%","3.5"
"is it okay to leave your belongings behind","2","0","0%","8.5"
"professional services in somalia mpanda","2","0","0%","1"
"movers in miami dade county","2","0","0%","5"
"moving packing companies","2","0","0%","3.5"
"large furniture movers","2","0","0%","7"
"movers miami century city estimate","2","0","0%","2"
"domestic moving companies","2","0","0%","6"
"moving company services","2","0","0%","5"
"what happens if you leave furniture in apartment your moving out","2","0","0%","7"
"quick movers miami","2","0","0%","3"
"moving in dade county","2","0","0%","6"
"miamimove","2","0","0%","2"
"town to town movers","2","0","0%","6.5"
"relocation-moving-companies.moversfastrq.com","2","0","0%","6"
"this elevator is reserved","2","0","0%","6"
"rapid_mover + adyen -site:facebook.com -site:instagram.com -site:youtube.com -site:tiktok.com -site:paypal.com -site:linkedin.com -site:reddit.com -site:soundcloud.com -site:stripe.com -site:adyen.com -site:squareup.com","2","0","0%","25.5"
"mover miami","2","0","0%","5.5"
"independent-moving-companies.moversnearmerq.com","2","0","0%","8"
"green movers","2","0","0%","4"
"rapid mover transport miami fl","2","0","0%","2"
"movers miami fl local movers long distance moving company","2","0","0%","11"
"friendly movers company in miami county","2","0","0%","5.5"
""rapid movers" federal way","2","0","0%","1.5"
"family owned moving companies dade county florida","2","0","0%","21"
"rapid relocation moving company","2","0","0%","4"
"moving services miami","2","1","50%","5"
"house moving service","2","0","0%","4"
"moving miami","2","1","50%","8.5"
"packing services in miami","2","0","0%","15"
"small moving services in miami","2","0","0%","16"
"back panda movers","2","0","0%","4"
"local-moving-company.moversfastrq.com","2","0","0%","7"
"moves miami dade","2","0","0%","7"
"panda experience in miami","2","0","0%","5.5"
"miami commercial moving company","2","0","0%","5"
"moving-companies-in-miami-florida.moversprocess.com","2","0","0%","9.5"
"rapid interstate movers","2","0","0%","6"
"miami fine art moving","2","1","50%","5"
"whole house movers","2","0","0%","6.5"
"local residential movers","2","0","0%","13"
"moving companies in piedmont","2","0","0%","29"
"rapid panda movers florida","2","1","50%","1"
"independent moving companies","2","0","0%","3.5"
"safe rapid movers","2","0","0%","2.5"
"quick movers miani","2","0","0%","5.5"
"miami local residential moving companies","2","0","0%","4.5"
"can you leave unwanted furniture in an apartment when you move out","2","0","0%","7"
"apartmentmovingmiami","2","0","0%","7"
"moving options","2","0","0%","3.5"
"miami local residential movers","2","0","0%","6"
"how to get apartment to allow longer elevator reservation","2","0","0%","17.5"
"professional movers piedmont","2","0","0%","31.5"
"move","2","0","0%","3.5"
"moving-company-in-miami.moversanytimeds.com","2","0","0%","7.5"
"server moving company miami","2","0","0%","3.5"
"coral gables household moving company","2","0","0%","8.5"
"rapid safe moving","2","0","0%","4.5"
"moving companies extended waiting","2","0","0%","7"
"rapid moving services","2","0","0%","7.5"
"cost to move cross country","2","0","0%","20"
"local miami movers","2","0","0%","4"
"rapid box medley florida location","2","0","0%","5"
"budget movers near me","2","0","0%","6"
"gun safe moving costs","2","0","0%","4"
"private moving companies near me","2","0","0%","3"
"quick movers near me","2","0","0%","5"
"fastmoversmiami fastmovers-movingquoteshfd-com","2","0","0%","3.5"
"server mover miami","2","0","0%","3"
"professional moving companies miami fl","2","0","0%","7"
"relocation","2","0","0%","10"
"relocation panda","2","0","0%","7.5"
"moving service in miami florida","1","0","0%","13"
"to move a safe in miami","1","0","0%","5"
"localmoversmiamiflorida","1","0","0%","5"
"movers in coral gablez","1","0","0%","8"
"moversinmiamibeach moversinmiamifl-movingquotespjz-com","1","0","0%","2"
"rapid moving doral fl","1","0","0%","1"
"tips on the moving season affordable local miami movers","1","0","0%","20"
"professional movers","1","0","0%","8"
"rapid thbso pand","1","0","0%","13"
"hex moving company","1","0","0%","10"
"moving company fort lauderdale","1","0","0%","5"
"andy apid panda m,ocers llc","1","0","0%","1"
"budget movers","1","0","0%","4"
"china cross country moving costs","1","0","0%","8"
"can  you leave things behind in apartment","1","0","0%","7"
"village gate homes move in elevator reservatin","1","0","0%","6"
"relocation companys in coral gabels","1","0","0%","4"
"quick moving miami","1","0","0%","5"
"moving company in coral gales, hialeah","1","0","0%","1"
"left sex toys behind when moving out of apartment","1","0","0%","8"
"seamless moves transparent pricing with flat fee movers miami","1","0","0%","17"
"downtown miami moving permit","1","0","0%","1"
"relocation moving company","1","0","0%","7"
"moving-companies-in-dallas.moversfastrq.com","1","0","0%","7"
"relocation services movers","1","0","0%","6"
"moving companies for businesses","1","0","0%","4"
"coralgablesrelocation","1","0","0%","6"
"commercial moving company miami","1","0","0%","4"
"private mowing companies","1","0","0%","7"
"cross country comparison admin costs","1","0","0%","4"
"is it common for people to leave some furniture behind when moving out of apartment","1","0","0%","7"
"movers near coral gables","1","0","0%","7"
"residential moving company","1","0","0%","7"
"eleavatorreservation","1","0","0%","3"
"ultimate movers, llc","1","1","100%","10"
"meathead movers reusable and recyclable packing materials","1","0","0%","13"
"miamicitymovers","1","0","0%","8"
"imoving miami fl","1","0","0%","9"
"how much does it cost to leave your stuff in an apartment?","1","0","0%","9"
"moving-agency-near-me.moversfastrq.com","1","0","0%","5"
"quick and quality movers","1","0","0%","8"
"fast track movers near me","1","0","0%","6"
"partial moving companies","1","0","0%","3"
"doral movers","1","0","0%","9"
"leaving things in apartment when moving out","1","0","0%","9"
"expert moving co","1","0","0%","2"
"superior moving compies to move furniture within apartment north miami beach","1","1","100%","8"
"pack moving companies","1","0","0%","10"
"relaisitic budget fro family moving states","1","0","0%","6"
"move mvsd -663","1","0","0%","8"
"reservation for elevators","1","0","0%","7"
"leaving furniture behind when moving out checklist","1","0","0%","7"
"miami florida moving companies","1","0","0%","6"
"the-miami-relocation-guide-a-full-guide-on-moving-to-miami-part-1-why","1","0","0%","20"
"fast-miamimovers-com fastmicropay","1","0","0%","4"
"miamibeachmoversmoving-com miamibeachmovers-movingquotesyjq-com","1","0","0%","6"
"professional local movers and packers","1","0","0%","7"
"house moving","1","0","0%","7"
"miami industrial movers","1","0","0%","2"
"packing labor services miami-dade county","1","0","0%","1"
"moversincoralgables","1","0","0%","9"
"a-look-at-miami-long-distance-moving-services-miami-fl-patch","1","0","0%","16"
"miami local moving companies","1","0","0%","8"
"moving on up moving company","1","0","0%","8"
"lucienne tobinor","1","0","0%","7"
"professional moving an","1","0","0%","10"
"tips for moving fine art and antiques local miami movers","1","0","0%","9"
"residential movers and packers","1","2","200%","1"
"if you move out can you just leave stuff you dont want","1","0","0%","6"
"cross country moving cost estimates","1","0","0%","9"
"moving companies miami dade","1","0","0%","6"
"fine art movers miami","1","1","100%","2"
"heavy furniture movers near me","1","0","0%","8"
"what happens if you leave stuff i nan apartment when moving out","1","0","0%","9"
"best moving companies in miami","1","0","0%","8"
"movingmedley","1","0","0%","3"
"shared-moving-services.moversfastrq.com","1","0","0%","6"
"micro mover miami","1","0","0%","5"
"how-much-does-it-cost-to-move-across-country-expert-advice","1","0","0%","11"
"late night movers moving company miami","1","0","0%","2"
"rapipanda","1","0","0%","4"
"leaving things in an apartment","1","0","0%","10"
"local-moving-company-miami-fl.moverschoicefd.com","1","0","0%","7"
"panda moving","1","0","0%","29"
"the move miami","1","0","0%","3"
"professional moving an image","1","0","0%","10"
"local move miami dade county","1","0","0%","6"
"professional moving company","1","0","0%","6"
"jm moving company miami fl","1","0","0%","3"
"local moving companies miami dade","1","0","0%","7"
"moving companies miami bilingual","1","0","0%","1"
"panda last minute","1","0","0%","1"
"way to move doral","1","0","0%","8"
"rapitmovers","1","0","0%","8"
"moving companies 33936","1","0","0%","9"
"green moving company","1","0","0%","2"
"move ahead kids moving company","1","0","0%","9"
"coralgablesmoving","1","0","0%","3"
"please coordinate with us ahead of time to reserve the elevator for your movers. elevator reservations must take place during our business hours (monday–friday, 9am–6pm and weekends, 10am–5pm). moving trucks are not permitted in the garage and must be parked in the alley behind the building. to avoid blocking access for others, trucks must be positioned as close to the building as possible without obstructing through traffic.","1","0","0%","9"
"smooth relocations miami","1","0","0%","2"
"movers-moving-company.moversfastrq.com","1","0","0%","9"
"gn safe movers miami, fl","1","0","0%","2"
"companies looking to move to miami florida","1","0","0%","10"
"i wouldn't ask leave a little bit of stuff behind if they moved out and then contact you to get it","1","0","0%","8"
"if you move out can you just leave stuff you dont want to go","1","0","0%","7"
"movers miami, fl","1","0","0%","1"
"vzn moving miami","1","0","0%","2"
"big soulutions movibg service miami","1","0","0%","5"
"long distance movers miami","1","0","0%","1"
"w moving corporation miami","1","0","0%","2"
"moving gun safe upstairs","1","0","0%","8"
"step by step guide to create a realistic moving budget","1","0","0%","19"
"miami moving co","1","0","0%","6"
"easy moving labor company near me","1","0","0%","10"
"local moving companies s miami","1","0","0%","8"
"local commercial movers","1","0","0%","10"
"pack-and-store-movers.moversnearmerq.com","1","0","0%","7"
"milfordsu-firebaseapp-com miamibeachmovers","1","0","0%","10"
"fort lauderdale movers, medley fl","1","0","0%","8"
"coralgablesmover","1","0","0%","7"
"antique movers near me","1","0","0%","1"
"miami.moves","1","0","0%","5"
"what if you leave stuff behind when uou move out","1","0","0%","9"
"rapidmovers in miami","1","0","0%","3"
"hire professional movers","1","0","0%","2"
"moving miami fl","1","1","100%","9"
"local movers florida local moving company florida local movers","1","0","0%","20"
"banta moving company miami florida phone number","1","0","0%","2"
"miamibeachmovers-movingquoteskjh-com miamibeachmoves-com","1","0","0%","2"
"are you allowed to leave furniture in a apartment when you mover","1","0","0%","9"
"relocation service miami","1","0","0%","6"
"tap unloading moving companies in miami","1","0","0%","9"
"relocation and moving services","1","0","0%","4"
"professional moving companies","1","0","0%","5"
"permits, moving schedule a elavtor reservation felipe ph01 n4","1","0","0%","6"
"pack moving company","1","0","0%","6"
"move in company","1","0","0%","10"
"moving\ companies\ miami\ florida","1","0","0%","9"
"small-moving-company.moversfastrq.com","1","0","0%","4"
"local-moving-company-miami-fl.moversnearmerq.com","1","0","0%","7"
"big-moving-companies.moversfastrq.com","1","0","0%","5"
"can you take things out in a apartment","1","0","0%","6"
"small moving companies near me","1","0","0%","9"
"safe-moving-companies.moversquickvg.com","1","0","0%","9"
"senior relocation sevices miami","1","0","0%","9"
"what happens if i leave stuff in apartment when i move out","1","0","0%","7"
"high quality moving","1","0","0%","7"
"local office moving company","1","0","0%","8"
"moving company miami comet moving company miami","1","0","0%","8"
"moving solutions","1","0","0%","9"
"can i leave things outside my apartment","1","0","0%","8"
"miami office moving","1","0","0%","1"
"movan miami","1","0","0%","10"
"movers and packing services","1","0","0%","2"
"cost of moving cross country","1","0","0%","19"
"fuse movers and relocations","1","0","0%","5"
"rapidmoveronline rapidmovers-movingquotesbz-org","1","0","0%","7"
"mindful movers","1","0","0%","8"
"how do ii cut down the down  time in my office during a move","1","0","0%","6"
"coral-gables-moving-services","1","0","0%","3"
"what if i go home and all my stuff sitting out","1","0","0%","8"
"for most aprtments do you jeed to reserrve the move in spot and elevator","1","0","0%","10"
"official moving company university of miami","1","0","0%","9"
"is anyone familiar with this 2 movers website","1","0","0%","10"
"www coral gables moving","1","0","0%","9"
"hills moving","1","0","0%","8"
"relocation-services.moversnearmerq.com","1","0","0%","5"
"movers\ miami\ fl","1","0","0%","7"
"if you leave furniture","1","0","0%","9"
"moving companies that accept hra","1","0","0%","7"
"long distance moving miami","1","0","0%","2"
"moving-companies-coral-gables.moversquotesrh.com","1","0","0%","4"
"moving company packing services","1","0","0%","1"
"jauhatsu night mover company","1","0","0%","59"
"professional movers near me","1","0","0%","8"
"miami moving company services","1","0","0%","5"
"next move wholesale miami fl","1","0","0%","4"
"big moves only in miami!","1","0","0%","4"
"reservation elos varor","1","0","0%","4"
"moving company florida rabid","1","0","0%","2"
"mai movers miami","1","0","0%","9"
"aparment relocator in miami, fl","1","0","0%","5"
"small moving companies in miami","1","0","0%","8"
"city-movers-miami","1","0","0%","15"
"movers miami area","1","0","0%","10"
"moving company.miami","1","0","0%","8"
"move on service llc miami","1","0","0%","7"
"miamilocalandlongdistancemovers","1","0","0%","6"
"antique packing and moving in miami beach requires expert care. our team specializes in handling delicate, high-value items with precision. trust us for secure transport and professional service. antique packing miami beach ensures your treasures arrive safely, no matter the destination.","1","0","0%","1"
"mover-companies.moversfastrq.com","1","0","0%","7"
"pentatly of leaving a couch outside of apartment for rumplk","1","0","0%","10"
"coral gables movers","1","0","0%","9"
"college movers coral gables fla","1","0","0%","10"
"rapid city moving company llc","1","0","0%","2"
"what happens if you move out of an apartment and leave all your stuff there and don't clean","1","0","0%","6"
"moving company miami beach","1","0","0%","7"
"what happens if tou leave an apartment full of stuff and move out","1","0","0%","8"
"miami get a free quote","1","0","0%","7"
"reserve the elevator moving","1","0","0%","8"
"moving companies in miami dade long distance","1","0","0%","3"
"movers companies near me","1","0","0%","6"
"can i leave furniture in apartment when i move out","1","0","0%","5"
"prinsider:online movers miami: providing reliable and professional moving services across south florida","1","0","0%","5"
"rapidexpert miami","1","0","0%","8"
"parc roverside moving elevator reservation","1","0","0%","8"
"miami mover","1","0","0%","20"
"safe movers","1","0","0%","7"
"cross continent relocation cost a family of four","1","0","0%","3"
"professional pack and mover","1","0","0%","10"
"companies that move houses","1","0","0%","7"
"miami art mover","1","0","0%","7"
"rapikpanda","1","0","0%","4"
"bar moves in miami","1","0","0%","9"
"living in miami shores","1","0","0%","10"
"panda mover llc","1","0","0%","3"
"rapid panda movers 33155 zip code","1","0","0%","2"
"experience the elite movers difference local moving solutions in miami","1","0","0%","8"
"local moving companies 98020","1","0","0%","7"
"quick movers","1","0","0%","2"
"dade city movers","1","0","0%","20"
"moving companies miami best movers in miami online move","1","0","0%","12"
"last minmovers near miami","1","1","100%","1"
"rapid moving tra doral fl","1","0","0%","1"
"moving screen service","1","0","0%","7"
"moving company service","1","0","0%","8"
"reserve elevator","1","0","0%","10"
"miami shores have to move at the end of december miami fl 33138","1","0","0%","4"
"movingfmitmi","1","0","0%","5"
"can i leave furniture when i move","1","0","0%","7"
"rise miami moving policy","1","0","0%","8"
"movers 33033","1","0","0%","1"
"miami-moving-services.moversquickvg.com","1","0","0%","9"
"how to move cross country on a budget 2024 guide","1","0","0%","19"
"coral gables, florida moving company","1","0","0%","6"
"moving-and-packing-companies.moversquickvg.com","1","0","0%","8"
"transfe companies in miami","1","0","0%","4"
"coral gables household movers","1","0","0%","7"
"moving companies bird road miami","1","0","0%","2"
"miamibeachmosque miamibeachmovers-movingquoteshrv-org","1","0","0%","7"
"elevator reservation schedule","1","0","0%","8"
"miami fine art moving company","1","0","0%","2"
"small local moving companies near me","1","0","0%","5"
"whole-house-movers.moversprocess.com","1","0","0%","8"
"full moving services","1","0","0%","4"
"i need last minute movers miami florida","1","0","0%","1"
"moving service in doral","1","0","0%","9"
"looking for a small mover to move a mattress from hollywood fl to miami fl","1","0","0%","3"
"relocation services","1","0","0%","7"
"moves miami local","1","0","0%","7"
"local moving companjes miami","1","0","0%","10"
"apartment moving company","1","0","0%","5"
"miamibeachmoversmoving","1","0","0%","3"
"late move in miami","1","0","0%","3"
"note: elevator reservations should be made between 9:00 am until 2:00 pm only. please indicate the time for the elevator reservation.","1","0","0%","5"
"medley moves","1","0","0%","9"
"movers miami comet moving company miami","1","0","0%","19"
"statewide moving companies","1","0","0%","5"
"medeley movers","1","0","0%","6"
"is it illegal to leave stuff behind when you move out","1","0","0%","9"
"fast-moving-company.moversanytimeds.com","1","0","0%","9"
"relocation moving companies","1","0","0%","4"
"professional furniture movers","1","0","0%","5"
"local movers for small jobs","1","0","0%","7"
"miami movers miami moving company","1","0","0%","19"
"banta moving company miami","1","0","0%","1"
"there is an elevator at the destination apartment. who is responsible for reserving it?","1","0","0%","6"
"miami kovere","1","0","0%","9"
"mimi gables rapid city","1","0","0%","1"
"moving services availability in miami during winter","1","0","0%","7"
"residential moving companies near me","1","0","0%","3"
"new-moving-companies.moversfastrq.com","1","0","0%","7"
"onlymoversmiami","1","0","0%","4"
"dolly moving","1","0","0%","6"
"moving companies local","1","0","0%","19"
"local long distance movers near me","1","0","0%","4"
"andy movers near me","1","0","0%","2"
"average cost of cross country move with minimal items","1","0","0%","1"
"blog miami movers","1","0","0%","5"
"movers\ miami","1","0","0%","8"
"local movers near me","1","0","0%","3"
"if your moving out of apartment can you leave stiff","1","0","0%","10"
"what permits are required to relocate a diner to miami","1","0","0%","10"
"house shipping team medley fl","1","0","0%","6"
"national movers miami fl","1","0","0%","9"
"miami residential moving companies","1","0","0%","6"
"movingcompanymiamigardens movingcompanymichigan-movinguide-com","1","0","0%","5"
"efficient.doral","1","0","0%","6"
"local private own movers in dade county miami","1","0","0%","6"
"moverservicefl moverservicemiamifl-com","1","0","0%","7"
"moving companies dade county fl","1","0","0%","4"
"floridacitymovingservices","1","0","0%","10"
"doral residential movers","1","0","0%","8"
"what is an elevator reservation at an apartment","1","0","0%","10"
"rapid move in fort lauderdale","1","0","0%","1"
"custom movers services","1","0","0%","9"
"moving services","1","0","0%","7"
"relocation movers","1","0","0%","8"
"panda transportation","1","0","0%","4"
"coral gable moving company","1","0","0%","2"
"miami relocatoin services for apartment hunting","1","0","0%","7"
"hire-a-moving-company.moversnearmerq.com","1","0","0%","10"
"how to decide a target downtime for an office move","1","0","0%","9"
"엮인글+주소 moving companies in miami","1","0","0%","7"
"miami moving company quick move out checklist","1","0","0%","5"
"quick movers miami dade","1","0","0%","2"
"rapid shifters moving, miami, fl","1","0","0%","3"
"miami residential movers","1","0","0%","8"
"local moving services near me","1","0","0%","6"
"use of the elevator for moving purposes requires a separate elevator reservation. elevators must be fully padded prior to use to prevent damage.","1","0","0%","7"
"coral-gables-moving-services-hub-biz coralgablesmri-com","1","0","0%","5"
"best movers miami","1","0","0%","10"
"local miami moving companie","1","0","0%","8"
"moving co 33884","1","0","0%","10"
"northmiamimovingservices-com","1","0","0%","10"
"bike-moving-service.moversprocess.com","1","0","0%","3"
"affordable moving companies in miami fl","1","0","0%","7"
"moving-service-miami.moversnearmerq.com","1","0","0%","10"
"residential-moving-company.moversanytimeds.com","1","0","0%","7"
"moving packing company","1","0","0%","4"
"movers companies","1","0","0%","6"
"shashaty movers miami","1","0","0%","10"
"ojeda moving","1","0","0%","9"
"please reserve elevator for","1","0","0%","3"
"miami professional movers","1","0","0%","6"
"moving relocation","1","0","0%","4"
"what items can be left in furniture during a move?","1","0","0%","9"
"pipewiki.org/wiki/index.php/packing_services_miami:_stress-free_relocation_with_professional_assist","1","0","0%","8"
"move agun sage upstairs","1","0","0%","6"
"find a moving company","1","0","0%","8"
"moving services team, miami, fl.","1","0","0%","3"
"green mover","1","0","0%","4"
"move and need to update documents","1","0","0%","3"
"live moving company in miami","1","0","0%","10"
"movers moving company","1","0","0%","7"
"vehicle-moving-company.moversanytimeds.com","1","0","0%","8"
"relocation specialists","1","0","0%","4"
"moving-companies-hiring.moversquickvg.com","1","0","0%","9"
"professional moving","1","0","0%","6"
"moving company near coral gables","1","0","0%","8"
"the moving company miami","1","0","0%","5"
"moving dot miami","1","0","0%","5"
"coral gables residential moving company","1","0","0%","4"
"can you leave unwanted furniture in an apartment when you move out of the house","1","0","0%","7"
"if you move out of your apartment and leave things you dont want what can happen","1","0","0%","7"
"small time movers miami fl","1","0","0%","6"
"miami.quick.move","1","1","100%","1"
"5 best moving companies in miami 2024 home bay","1","0","0%","17"
"medly m9vers","1","0","0%","6"
"beach mover","1","0","0%","4"
"coral gables local moving companies","1","0","0%","8"
"local independent movers near me","1","0","0%","6"
"a little detication moving company","1","0","0%","3"
"local move checklist","1","0","0%","3"
"local moving willis fl","1","0","0%","7"
"movers moving companies","1","0","0%","3"
"when moving out of your apartment can you leave furniture","1","0","0%","7"
"cross country moving costs miami","1","0","0%","6"
"moving company near me","1","0","0%","7"
"discount moving company","1","0","0%","8"
"last minute movers near me","1","0","0%","7"
"moving furniture company near me","1","0","0%","7"
"movers near 1030 nw 111th ave miami fl 33172","1","0","0%","7"
"moving steel water hd 16 gun safe upstairs","1","0","0%","6"
"rapid relocation","1","0","0%","7"
"derwm cat relocation dade county florida","1","0","0%","9"
"individual movers in miami","1","0","0%","4"
"art and antique moving miami","1","0","0%","1"
"local moving companies in my area","1","0","0%","7"
"remar moving in 33016","1","0","0%","9"
