"Page","Impressions","Clicks","CTR","Avg. Position"
"https://www.rapidpandamovers.com/","13762","320","2.33%","6.55399005231798"
"https://www.rapidpandamovers.com/miami-beach","425","16","3.76%","6.37882823529412"
"https://www.rapidpandamovers.com/medley","360","8","2.22%","5.34721888888889"
"https://www.rapidpandamovers.com/coral-gables","333","0","0%","7.25224504504504"
"https://www.rapidpandamovers.com/last-minute-miami-movers","299","16","5.35%","5.24080334448161"
"https://www.rapidpandamovers.com/how-much-does-a-cross-country-move-cost-key-factors-explained-rapid-panda-movers/","113","0","0%","18.336282300885"
"https://www.rapidpandamovers.com/location/coral-gables-moving-company/","103","0","0%","6.43689708737864"
"https://www.rapidpandamovers.com/location/medley-moving-company/","79","0","0%","5"
"http://www.rapidpandamovers.com/what-you-can-leave-behind-when-moving-out","50","0","0%","6.76"
"https://www.rapidpandamovers.com/elevator-reservations-moving/","34","0","0%","7.41176470588235"
"http://www.rapidpandamovers.com/about-us","34","0","0%","5.58823529411765"
"https://www.rapidpandamovers.com/location/doral-moving-company/","27","0","0%","5.62963333333333"
"https://www.rapidpandamovers.com/art-antique-moving","27","2","7.41%","5.37037037037037"
"https://www.rapidpandamovers.com/local-moving","23","0","0%","4.91304347826087"
"https://www.rapidpandamovers.com/apartment-moving","19","0","0%","6.10526315789474"
"https://rapidpandamovers.com/residential-moving-rpm","19","0","0%","7.26317368421053"
"https://www.rapidpandamovers.com/miami-dade-county","15","0","0%","7.6"
"https://www.rapidpandamovers.com/from-start-to-finish-planning-your-long-distance-move","15","0","0%","5.6"
"https://www.rapidpandamovers.com/school-university-moving/","14","0","0%","7.5"
"https://www.rapidpandamovers.com/north-miami-beach","12","1","8.33%","8.58333333333333"
"https://www.rapidpandamovers.com/miami-shopping-guide/","9","0","0%","5.11111111111111"
"https://www.rapidpandamovers.com/location/sunrise-moving-company/","7","0","0%","6.85714285714286"
"https://www.rapidpandamovers.com/moving-gun-safe-stairs","7","0","0%","7.85714285714286"
"https://www.rapidpandamovers.com/miami-fl-packing-unpacking-tips/","6","0","0%","5.83333333333333"
"https://www.rapidpandamovers.com/cross-country-move-costs","6","0","0%","20.83335"
"https://www.rapidpandamovers.com/gun-safe-moving","5","0","0%","3.8"
"https://www.rapidpandamovers.com/miami-moving-mastery-2024-your-ultimate-relocation-guide-by-rapid-panda-movers","5","0","0%","8.8"
"https://www.rapidpandamovers.com/location/","5","0","0%","2.8"
"https://www.rapidpandamovers.com/location/fort-lauderdale-moving-company/","4","0","0%","5.25"
"https://www.rapidpandamovers.com/miami-fl-eco-friendly-moving","3","0","0%","3.66666666666667"
"https://rapidpandamovers.com/landing-page","3","0","0%","3.66666666666667"
"https://www.rapidpandamovers.com/contact-us/","3","0","0%","4.66666666666667"
"https://www.rapidpandamovers.com/miami-beach-cultural-blog/","3","0","0%","43.3333333333333"
"https://www.rapidpandamovers.com/miami-moving-regulations-permits/","3","0","0%","6.33333333333333"
"https://www.rapidpandamovers.com/planning-residential-move","3","1","33.33%","12.3333333333333"
"https://www.rapidpandamovers.com/how-to-pack-electronics-safely-for-moving/","3","0","0%","9.33333333333333"
"https://www.rapidpandamovers.com/moving-to-miami-shores-a-comprehensive-guide","3","0","0%","9.66666666666667"
"https://rapidpandamovers.com/home-2021/","3","0","0%","8"
"https://www.rapidpandamovers.com/how-to-minimize-downtime-during-an-office-move/","2","0","0%","7.5"
"https://www.rapidpandamovers.com/services","2","0","0%","7"
"https://www.rapidpandamovers.com/the-ultimate-local-move-checklist/","2","0","0%","4"
"https://www.rapidpandamovers.com/creating-a-realistic-moving-budget-a-step-by-step-guide","2","0","0%","12.5"
"https://www.rapidpandamovers.com/west-miami","2","0","0%","3.5"
"https://www.rapidpandamovers.com/commercial-moving/","2","0","0%","2.5"
"https://www.rapidpandamovers.com/gun-safe-moving-costs","2","0","0%","4"
"https://www.rapidpandamovers.com/request-a-quote/","2","0","0%","5"
"https://www.rapidpandamovers.com/moving-locally-with-kids/","1","0","0%","9"
"https://www.rapidpandamovers.com/long-distance-moving","1","0","0%","1"
"https://www.rapidpandamovers.com/packing-office-equipment-for-a-stress-free-move","1","0","0%","9"
"https://www.rapidpandamovers.com/doral","1","0","0%","6"
"https://www.rapidpandamovers.com/moving-faq/","1","0","0%","7"
"https://www.rapidpandamovers.com/last-minute-local-move","1","0","0%","1"
"https://rapidpandamovers.com/es/acerca-de-nosotros","1","0","0%","8"
"https://www.rapidpandamovers.com/residential-moving/","1","0","0%","4"
"https://www.rapidpandamovers.com/eco-friendly-packing-materials/","1","0","0%","13"
"https://www.rapidpandamovers.com/blogs/","1","0","0%","5"
"https://www.rapidpandamovers.com/what-documents-need-updating-during-a-move","1","0","0%","3"
